doc_id, attachment_name, attachment_file_name
notification.account_zone_change, template.text/plain, a299180c04ee123baae77c0e43314a58.att
notification.account_zone_change, template.text/html, 9dd397e26749ca2254b5bd2f5fe10795.att
notification.cnam_request, template.text/plain, 3b340f7433143a0ec4f815c8746b2e5f.att
notification.cnam_request, template.text/html, 81eca11a993e5fb3e0275ce5016069de.att
notification.customer_update, template.text/plain, 0013f797fe749cf19291361d98425adf.att
notification.customer_update, template.text/html, 58477e38ab155b6d7801041272a11e1e.att
notification.denied_emergency_bridge, template.text/plain, f003c53ab767fa6feec028c5021ff5f6.att
notification.denied_emergency_bridge, template.text/html, 6d986a24fa1b73fa462fb3fba30ab2b1.att
notification.deregister, template.text/plain, 522c4b022c77ffa0e97b1ded79d0ed11.att
notification.deregister, template.text/html, 2b6abf107451605006a08a51f97cef8c.att
notification.fax_inbound_error_to_email, template.text/plain, dc63473b1dcd6a0649471505ad5607d0.att
notification.fax_inbound_error_to_email, template.text/html, c8ea4735a12aec6bb82d7dc07e2f4018.att
notification.fax_inbound_to_email, template.text/plain, 6344a2eeee6453864aef223572f1e303.att
notification.fax_inbound_to_email, template.text/html, 4f3a59d5da6f0c5c4694dbe2cf966171.att
notification.fax_outbound_error_to_email, template.text/plain, 96ddf4c22797adb1a95da5dde037119a.att
notification.fax_outbound_error_to_email, template.text/html, 9e6b4befb31898a7fb18133ef32e78cf.att
notification.fax_outbound_smtp_error_to_email, template.text/html, e8e4b930ab21c33eb85d712a7e00bf1f.att
notification.fax_outbound_to_email, template.text/plain, fa85b30613200086f65f406f34cf6b49.att
notification.fax_outbound_to_email, template.text/html, 5d1590e66228faa57f1a778c03e8af80.att
notification.first_occurrence, template.text/plain, 48e06625144846477f33d86015a726f6.att
notification.first_occurrence, template.text/html, 2b2e739d5f01efaa1a96b6b59c05cf5f.att
notification.low_balance, template.text/plain, baa2b06012e1e1534dc881b4d6c4cc29.att
notification.low_balance, template.text/html, 47c548690bc7a0a45bd4a31d0892ee19.att
notification.missed_call, template.text/plain, 4275405dc4930a04aee520ef92c9e3e2.att
notification.missed_call, template.text/html, 3bf3deeac204786d880daed0334a4e7b.att
notification.new_account, template.text/plain, 0629afde1b0c65c02a7ed60fac26da35.att
notification.new_account, template.text/html, 3a24641f736c262ee6ffe9c850c15c42.att
notification.new_user, template.text/plain, eb7854ff5516bae594e5a2bbfde21459.att
notification.new_user, template.text/html, 9ca00f5f649acabbfa7fc5bcddab3d70.att
notification.password_recovery, template.text/plain, 7c5cd1485f81668f4a347466e977372c.att
notification.password_recovery, template.text/html, 2ce1fbf27e98babc5709efd9d295c847.att
notification.port_cancel, template.text/plain, f5f9364221041fe6ba8a2738d70ccb07.att
notification.port_cancel, template.text/html, 9ed97e7158377566f10e2c473b09aacd.att
notification.port_comment, template.text/plain, 9f12d74565b370794a55fbac58883199.att
notification.port_comment, template.text/html, 4debbf85455f8a40cd1b4d59b66d816a.att
notification.port_pending, template.text/plain, 28023dabb9bc8b0acae604c6eab3ba77.att
notification.port_pending, template.text/html, 946e595ad04825c1c0c412c69414f61e.att
notification.port_rejected, template.text/plain, c01e4a410df48998b44a4ecaf892d3a5.att
notification.port_rejected, template.text/html, 4508a98e605565b148d3ea51708bd5e3.att
notification.port_request, template.text/plain, 52ddb6c767b3df52f909fcf1a66d1151.att
notification.port_request, template.text/html, ee2605ff13fca0cea107eabe4eb4085e.att
notification.port_request_admin, template.text/plain, b36216106de3f70f4a034f078c75928d.att
notification.port_request_admin, template.text/html, 665e92549b63fdd67036380d3e68d1ca.att
notification.port_scheduled, template.text/plain, 56e5f624119d9e31d09fba418942c60c.att
notification.port_scheduled, template.text/html, 451bb32e05928b2d12040d10f5cab366.att
notification.port_unconfirmed, template.text/plain, fddc21c98f305be14078d41bf49b554d.att
notification.port_unconfirmed, template.text/html, 5d74001655528d67202829ed55476a62.att
notification.ported, template.text/plain, a525bbf52be8f4d2e4453dad6105d1dc.att
notification.ported, template.text/html, 5fd9e048591ccdb2e0b8f43482f9861c.att
notification.service_added, template.text/plain, 0da5446c9431d737f84e59ef3831057f.att
notification.service_added, template.text/html, 9a5cd61f07b6c9d32e21470bf779f8a4.att
notification.skel, template.text/plain, ea9d3673e8ed92ff6231d2c28f215c1b.att
notification.skel, template.text/html, 03e8407b3745c44783fdc62273a46b25.att
notification.system_alert, template.text/plain, 6ab70fc4d4d13b7688c76c7e5a791f3b.att
notification.system_alert, template.text/html, 681e384c3c3376933aa5b1e17cdbeca0.att
notification.topup, template.text/plain, c09930ceb06bd4341ec49bd1a90e6432.att
notification.topup, template.text/html, 6bdd545350cd791fb878f8d5ea9949d8.att
notification.transaction, template.text/plain, 7af6136fc2abe018415364ac98680a8b.att
notification.transaction, template.text/html, ceb5329e56f021eb261c9c3358860c95.att
notification.voicemail_full, template.text/plain, 3326daced1f79662eb770a859c0f21bd.att
notification.voicemail_full, template.text/html, 6e994fcbf7acfebd5a5e7fa74853e442.att
notification.voicemail_to_email, template.text/plain, f07d37b148fd8968ba55bead46874278.att
notification.voicemail_to_email, template.text/html, fc3ad72fee40abdca87910c58b7745ec.att
notification.webhook_disabled, template.text/plain, d75b368c62cc11330408b7103a1af9bc.att
notification.webhook_disabled, template.text/html, e6f17cd31c78f0e247911ed9869bf754.att
